{"cameraMode":{"drawMode":0,"name":"Shaded","section":"Shading Mode"},"sceneLighting":true,"audioPlay":false,"sceneViewState":{"m_AlwaysRefresh":false,"showFog":true,"showSkybox":true,"showFlares":true,"showImageEffects":true,"showParticleSystems":true,"showVisualEffectGraphs":true,"m_FxEnabled":true},"in2DMode":false,"pivot":{"x":-0.04145646095275879,"y":0.9960585832595825,"z":-0.1632816642522812},"rotation":{"x":-0.0023877485655248167,"y":-0.10122836381196976,"z":-0.00024266920809168369,"w":0.9948652982711792},"size":0.5255168676376343,"orthographic":false}