{"cameraMode":{"drawMode":0,"name":"Shaded","section":"Shading Mode"},"sceneLighting":true,"audioPlay":false,"sceneViewState":{"m_AlwaysRefresh":false,"showFog":true,"showSkybox":true,"showFlares":true,"showImageEffects":true,"showParticleSystems":true,"showVisualEffectGraphs":true,"m_FxEnabled":true},"in2DMode":false,"pivot":{"x":7.450580596923828e-9,"y":0.0048656165599823,"z":-0.059874750673770908},"rotation":{"x":-0.15567605197429658,"y":0.7618874311447144,"z":-0.1988569051027298,"w":-0.5964478254318237},"size":0.43409135937690737,"orthographic":false}