{"cameraMode":{"drawMode":0,"name":"Shaded","section":"Shading Mode"},"sceneLighting":true,"audioPlay":false,"sceneViewState":{"m_AlwaysRefresh":false,"showFog":true,"showSkybox":true,"showFlares":true,"showImageEffects":true,"showParticleSystems":true,"showVisualEffectGraphs":true,"m_FxEnabled":true},"in2DMode":false,"pivot":{"x":-0.10241091251373291,"y":0.5517184734344482,"z":-0.23699763417243958},"rotation":{"x":0.08725171536207199,"y":0.6720262765884399,"z":-0.08021493256092072,"w":0.7309874892234802},"size":0.31881657242774966,"orthographic":false}